Barcode,Name,PRICE
104040209611,A.K. GREEN PEAS,45
8428916988601,ACORSA CAPERS,72.5
8428916020707,ACORSA OLIVES A10 SLICED BLACK,154
8428916880707,ACORSA OLIVES A10 SLICED GREEN,160.5
8428916017707,ACORSA OLIVES BLACK PITTED JAR,82
8428916008309,ACORSA OLIVES BLACK PLAIN JAR,79
8428916009504,ACORSA OLIVES BLACK PLAIN JAR,86
8428916027805,ACORSA OLIVES BLACK SLICED JAR,105.5
8428916029205,ACORSA OLIVES BLACK SLICED JAR,95.5
8428916193203,ACORSA OLIVES BULK PLAIN BLACK,93
8428916843207,ACORSA OLIVES BULK PLAIN GREEN,96.5
8428916877707,ACORSA OLIVES GREEN PITTED JAR,89
8428916848301,ACORSA OLIVES GREEN PLAIN JAR,79
8428916849506,ACORSA OLIVES GREEN PLAIN JAR,89
8428916847908,ACORSA OLIVES GREEN PLAIN JAR,102.5
8428916887805,ACORSA OLIVES GREEN SLICED JAR,112
8428916889205,ACORSA OLIVES GREEN SLICED JAR,102.5
8428916868309,ACORSA OLIVES GREEN STUFED JAR,82
8428916869504,ACORSA OLIVES GREEN STUFED JAR,93
8428916867906,ACORSA OLIVES GREEN STUFED JAR,107.5
8422767293990,ACORSA SOUL OLIVE BLACK,41.4
8422767294003,ACORSA SOUL OLIVE GREEN,41.4
8901552008136,AEROPLANE CHILLI PICKLE,41.73
8901552020657,AEROPLANE GARLIC PASTE,93.09
8901552008099,AEROPLANE GARLIC PICKLE,64.2
8901552020664,AEROPLANE GINGER GARLIC PASTE,93.09
8901552020640,AEROPLANE GINGER PASTE,93.09
8901552008150,AEROPLANE LEMON PICKLE,41.73
8901552008334,AEROPLANE MADRAS CURRY POWDER,207
8901552008129,AEROPLANE MANGO PICKLE,41.73
8901552013406,AEROPLANE MANGO SWEET CHUTNEY,55.64
8901552008143,AEROPLANE MIXED PICKLE,41.73
8901552020558,AEROPLANE MIXED PICKLE,68.48
8901552020350,AEROPLANE MIXED PICKLE IN OIL,93.09
8901552020404,AEROPLANE PACHRANGA ACHAAR,58.85
8901552020671,AEROPLANE PACHRANGA ACHAAR,68.48
8901552002561,AEROPLANE SLICE MANGO PICKLE,52.31
40232825057,AK APPLE CIDER NATURAL VINEGAR,99
40232825064,AK APPLE CIDER NATURAL VINEGAR,90.2
40232922756,AK BABY GHERKINS WHOLE,92.4
40232922015,AK BAKED BEANS IN TOMATO SAUCE,98.67
40232825286,AK BBQ SAUCE ORIGINAL,105.6
40232825071,AK BEEF LUNCHEON MEAT REGULAR,229.15
40232825583,AK BREAD CRUMBS GARLC,110.4
40232825576,AK BREAD CRUMBS HOT AND SPICY,109.51
40232825569,AK BREAD CRUMBS ITALIAN,110.4
40232825590,AK BREAD CRUMBS PLAIN,97.02
40232825262,AK CALROSE RICE,119
40232922022,AK CHICK PEAS,68.31
40232825743,AK CHICKEN VIENNA SAUSAGES,190
40232825903,AK CHILLI MAYONNAISE USD,78.5
40232825842,AK CHOCOLATE SYRUP,121
40232922602,AK COCONUT MILK,101
40232825194,AK CORNED BEEF,295.68
40232825460,AK CREAMY PEANUT BUTTER,138.6
40232825477,AK CREAMY PEANUT BUTTER,198
40232825972,AK CREAMY PEANUT BUTTER LITE,198
40232825439,AK CRUNCHY PEANUT BUTTER,138.6
40232825446,AK CRUNCHY PEANUT BUTTER,198
40232825682,AK EGYPTIAN GRAPE LEAVES,120
40232825880,AK GARLIC MAYONNAISE USD,78
40232825514,AK GHERKINS SWEET RELISH,113
40232922640,AK GREEN PEAS,75.9
40232825651,AK IODIZED SALT,46
40232825019,AK JALAPENO SLICED,117.65
40232825002,AK JALAPENO WHOLE,112.53
40232922985,AK KETCHUP SACHET 9G,56
40232922886,AK MAYO BLACK PEPPER USD,78.5
40232922879,AK MAYO LITE UPSIDEDOWN,85
40232922862,AK MAYO ORIGINAL UPSIDEDOWN,108
40232922763,AK MAYONNAISE GALLON,69
40232825224,AK MAYONNAISE GALLON  HF,185
40232825217,AK MAYONNAISE PET,155.52
40232825200,AK MAYONNAISE PET,116.64
40232825699,AK MW POPCORN BUTTER,102.6
40232825705,AK MW POPCORN CHEESE,109.44
40232825729,AK MW POPCORN HOT & SPICY,109.44
40232825712,AK MW POPCORN LITE,109.44
40232825736,AK MW POPCORN NATURAL,102.6
40232825385,AK PANCAKE SYRUP,126
40232825620,AK PEANUT BUTTER HONEY,158.4
40232825859,AK PICKLED GHERKINS WHOLE,138.6
40232922183,AK PIZZA SAUCE GLASS BOTTLE,68.4
40232825088,AK PORK LUNCHEON MEAT REGULAR,159
40232922053,AK RED KIDNEY BEANS,91.08
40232825132,AK SALAD DRESSING CAESAR,120.75
40232825187,AK SALAD DRESSING CAESAR,81.9
40232825101,AK SALAD DRESSING FRENCH,120.75
40232825156,AK SALAD DRESSING FRENCH,81.9
40232825118,AK SALAD DRESSING ITALIAN,120.75
40232825163,AK SALAD DRESSING ITALIAN,78.75
40232825125,AK SALAD DRESSING RANCH,120.75
40232825170,AK SALAD DRESSING RANCH,81.9
40232825095,AK SALAD DRESSING THSND ISLD,120.75
40232825149,AK SALAD DRESSING THSND ISLD,81.9
40232825408,AK SLICED GHERKINS B&B STYLE,138.6
40232825507,AK SLICED GHERKINS BURGR STYL,138.6
40232825798,AK SOY SAUCE,66
40232825811,AK STEAK SAUCE,92.4
40232825613,AK STRAWBERRY SYRUP,121
40232922268,AK TOMATO KETCHUP GLASS JAR,63.57
40232922220,AK TOMATO KETCHUP UPSIDE DOWN,81
40232922916,AK TOMATO KETCHUP UPSIDEDOWN,136
40232922558,AK TURKISH GRAPE LEAVES,151.8
40232825040,AK VINEGAR WHITE DISTILLED,88
40232825033,AK WHITE DIST NATURAL VINEGAR,93.5
40232922176,AK WHOLE KERNEL CORN,108.68
40232922169,AK WHOLE KERNEL CORN VPACK,99
40232922152,AK WHOLE KERNEL CORN VPACK,79.2
40232922657,AK WHOLE PEELED TOMATOES,95
40232825804,AK WORCHESTERSHIRE SAUCE,70
40232825668,AK YELLOW MUSTARD,47.7
40232825675,AK YELLOW MUSTARD,71.76
40232825279,AK YELLOW MUSTARD,140
9555021501483,ALICAFE 5IN1 BOX,481.92
9555021501469,ALICAFE 5IN1 POUCH,576.2
9555021502473,ALICAFE BLACK GOLD POUCH,429
9555021503333,ALICAFE CAPPUCCINO GINSENG BOX,421
9555021502619,ALICAFE CLASSIC 2IN1 BOX,285
9555021503159,ALICAFE CLASSIC 3IN1 BOX,379.42
9555021514971,ALICAFE CLASSIC 3IN1 BOX,375.8
9555021513103,ALICAFE CLASSIC 3IN1 BOX XV,269.28
9555021503067,ALICAFE CLASSIC 3IN1 POUCH,381.24
9555021509830,ALICAFE CLASSIC 3IN1 POUCH,400.96
9555021513370,ALICAFE CLASSIC 3IN1 POUCH XV,315.6
9555021514773,ALICAFE CLASSIC XTRA VALUE BOX,315.68
9555021508093,ALICAFE FR CAPPUCCINO BOX,432.6
9555021504590,ALICAFE FR S.CARAMEL BOX,440
9555021510386,ALICAFE FR SKNY LATTE BOX,432.6
9555021512465,ALICAFE ITALIAN ROAST BOX,329.04
9555021512571,ALICAFE ITALIAN ROAST POUCH,329.12
9555021514193,ALICAFE MOCHA RTD,82.56
9555021511802,ALICAFE OLD TOWN WHITE COFFEE,377.76
9555021514179,ALICAFE ORIGINAL RTD,82.56
9555021513721,ALICAFE SIG FR ROAST POUCH XV,311.64
9555021508505,ALICAFE SIG FRENCH ROAST BOX,532.6
9555021508512,ALICAFE SIG FRENCH ROAST POUCH,361.32
9555021501667,ALITEA 5IN1 LATTE BOX,484.32
9555021501650,ALITEA 5IN1 LATTE POUCH,535.6
9555021503456,ALITEA CLASSIC TEA BOX,346.34
9555021514452,ALITEA CLASSIC TEA BOX XV,544.4
9555021505825,ALITEA CLASSIC TEA POUCH,631.8
9555021513806,ALITEA CLASSIC TEA POUCH XV,564.48
9555021510188,ALITEA SIG CARDAMOM TEA BOX,340.2
9555021510713,ALITEA SIG CARDAMOM TEA POUCH,724
9555021504965,ALITEA SIG GINGER TEA BOX,372
9555021514438,ALITEA SIG GINGER TEA BOX XV,544.4
9555021506112,ALITEA SIG GINGER TEA POUCH,640.6
9555021513851,ALITEA SIG GINGER TEA POUCH XV,564.48
9555021510218,ALITEA SIG KARAK TEA BOX,318.8
9555021510737,ALITEA SIG KARAK TEA POUCH,728.2
814801010690,AMAN PARATHA,138
6291059068682,AMIR LITE PREMIUM COOKING OIL,120
6291059069115,AMIR LITE PREMIUM COOKING OIL,90
6291059020048,AMIR PURE PALM VEG OIL TIN,130
6291059061003,AMIR PURE PALM VEG OIL TIN,93
4796001104033,ARALIYA RICE RED RAW,150
5776879009752,BEAUTIFUL DENMARK BUTTER COKIS,167
5776879000650,BEAUTIFUL DENMARK BUTTER COKIS,214.5
5776879000131,BEAUTIFUL DENMARK BUTTER COKIS,218.5
102010698311,BEAUTIFUL DENMARK SPL PRC,132
8901414010239,BIKANO CHIPS CHATAK MASALA,53.33
8901414040151,BIKANO CHIPS CHATAX MASALA,106.67
8901414010260,BIKANO CHIPS CREAM & ONION,53.33
8901414010222,BIKANO CHIPS SIMPLY SALTED,53.33
8901414043657,BIKANO CHIPS TANGY TOMATO,53.33
8901414000636,BIKANO CRUNCHY MUNCHY ALOO CHP,106.67
8901414042278,BIKANO FZ ALOO TIKKI,186
8901414039445,BIKANO FZ ALOO TIKKI VP,124.5
8901414042339,BIKANO FZ COCKTAIL SAMOSA,209.4
8901414017627,BIKANO FZ PANEER PAKODA,191.1
8901414042162,BIKANO FZ PARANTHA ALOO,88
8901414039414,BIKANO FZ PARANTHA ALOO SP,66
8901414042186,BIKANO FZ PARANTHA GOBHI,96
8901414039421,BIKANO FZ PARANTHA GOBHI SP,72
8901414039407,BIKANO FZ PARANTHA H STYLE SP,63.6
8901414042179,BIKANO FZ PARANTHA HOME STYLE,79.2
8901414041998,BIKANO FZ PARANTHA MIX VEG,96
8901414039438,BIKANO FZ PARANTHA MIX VEG SP,72
8901414042193,BIKANO FZ PARANTHA PANEER,169.6
8901414042308,BIKANO FZ PUNJABI SAMOSA,242.4
8901414042117,BIKANO FZ TANDOORI GARLIC NAAN,116
8901414042124,BIKANO FZ TANDOORI NAAN,116
8901414017863,BIKANO FZ VEGGIE BURGER TIKKI,120
8901414004023,BIKANO GIFT PACK ANMOL,290.4
8901414004078,BIKANO GIFT PACK MEETHABANDHAN,233.52
8901414004047,BIKANO GIFT PACK UTSAV,254
8901414004979,BIKANO GIFT PACK UTTAM,295.92
8901414004009,BIKANO MEETHA CHATPATA,252
8901414003439,BIKANO NAMKEEN AGRA SEV,167.47
8901414015609,BIKANO NAMKEEN ALL IN ONE,38
8901414000018,BIKANO NAMKEEN ALOO BHUJIA,228.57
8901414000681,BIKANO NAMKEEN ALOO LACHHA,15.24
8901414000094,BIKANO NAMKEEN BADAM LACHHA,67
8901414000100,BIKANO NAMKEEN BADAM LACHHA,167.47
8901414009110,BIKANO NAMKEEN BHAKAR BADI,120
8901414000025,BIKANO NAMKEEN BHUJIA AALOO,30.42
8901414000056,BIKANO NAMKEEN BHUJIA POTATO,34.29
8901414000124,BIKANO NAMKEEN BIKANERI BHUJIA,36.19
8901414002494,BIKANO NAMKEEN BIKANERI BHUJIA,32.5
8901414000117,BIKANO NAMKEEN BIKANERI BHUJIA,228.57
8901414001008,BIKANO NAMKEEN BOMBAY BHELPURI,30.42
8901414000216,BIKANO NAMKEEN BOONDI PLAIN,110.48
8901414002555,BIKANO NAMKEEN BOONDI SALTED,22.86
8901414004542,BIKANO NAMKEEN CHANA MASALA,250
8901414000193,BIKANO NAMKEEN CORNFLAKES MIXT,159.85
8901414000872,BIKANO NAMKEEN DAL MOTH,34.5
8901414009134,BIKANO NAMKEEN GOL MATHI,102.86
8901414000896,BIKANO NAMKEEN KAJU MIXTURE,51.43
8901414000278,BIKANO NAMKEEN KHATTA MEETHA,38
8901414000285,BIKANO NAMKEEN KHATTA MEETHA,43
8901414000292,BIKANO NAMKEEN KHATTA MEETHA,228.57
8901414014947,BIKANO NAMKEEN KURKURI BHUJIA,30.4
8901414009141,BIKANO NAMKEEN MATAR PARA,120
8901414000728,BIKANO NAMKEEN MOONG DAL,249.3
8901414004337,BIKANO NAMKEEN MOONG DAL MASLA,44
8901414000339,BIKANO NAMKEEN MOONG DAL MASLA,201.14
8901414000087,BIKANO NAMKEEN MOONG DAL PLAIN,44
8901414000360,BIKANO NAMKEEN MOONG DAL PLAIN,201.14
8901414000377,BIKANO NAMKEEN NATKHAT NIMBU,23
8901414000414,BIKANO NAMKEEN NAVRATAN MIX,34.5
8901414000827,BIKANO NAMKEEN NAVRATAN MIXTUR,130
8901414001220,BIKANO NAMKEEN PANIPURI,83.73
8901414005068,BIKANO NAMKEEN PLAIN BHUJIA,126
8901414015517,BIKANO NAMKEEN SHAHI MIX,45.71
8901414000766,BIKANO NAMKEEN TASTY,36.19
8901414000742,BIKANO NAMKEEN TASTY,228.57
8901414000315,BIKANO NAMKEEN TASTY,144.61
113020090118,BIKANO NAMKEENS DM BA KM,10
113020090217,BIKANO NAMKEENS MD KM BB,10
8901414000605,BIKANO PAPAD PUNJABI MASALA 5,43
8901414000841,BIKANO PUNJABI BHAJI PAKODA,197.94
8901414003538,BIKANO RUSK SUJI 600G,63.91
8901414001879,BIKANO SWT SOAN PAPDI (VP),307
8901414001510,BIKANO SWT TIN GULAB JAMUN,185
8901414001503,BIKANO SWT TIN SPONGE RASGULLA,155.34
8901414027527,BIKANO SWT TIN WHITE RASBHARI,204
5056357900420,BOUNTY COCONUT MILK DRNK SCAP,66
5060402907289,BOUNTY COOKIES SOFT BAKED,86
105121477417,BUENAS PCAN FLOUR STICK SP,150
9311493001087,BUNDABERG GINGER BEV,250
9311493002305,BUNDABERG ROOT BEV,250
8901192800015,CATCH SPRINKLER BLACK PEPPER,785
8901192800022,CATCH SPRINKLER CHAT MASALA,330
8901192800008,CATCH SPRINKLER TABLE SALT,230.5
4804888940283,CELEBES ORGANIC COCO WATER,55.2
4804888940375,CELEBES ORGANIC COCONUT WATER,84
114010038714,CORN FLOUR SOUTH AFRICA,78
6291059528728,COROLI CANOLA OIL,135
6291059069276,COROLI CANOLA OIL,135
6291059069603,COROLI CANOLA OIL TWIN PACK,102
6291059069252,COROLI CORN OIL,145
6291059028280,COROLI CORN OIL PET,145
6291059028716,COROLI CORN OIL PET BOTTLE,128
8710824180650,COROLI CORN OIL TIN,201
6291059069580,COROLI CORN OIL TWIN PACK,130
8710824180414,COROLI SUNFLOWER OIL,125
6291059228581,COROLI SUNFLOWER OIL,134
6291059069238,COROLI SUNFLOWER OIL,123
6291059228710,COROLI SUNFLOWER OIL PET BOTLE,112
8710824180322,COROLI SUNFLOWER OIL PET SQR,209
6291059069566,COROLI SUNFLOWER OIL TWIN PACK,120
6291023137093,DF  SALTED PUMPKIN SEEDS,40
6291023100004,DF AJWAN SEEDS,67
6291032100064,DF ALMOND,480
6291023100028,DF ALMOND,600
6291023100042,DF ALMOND,120
6291023100059,DF ALMOND,240
6291023100097,DF ALMOND FLACK,160
6291023100103,DF ALMOND FLAKE(SLICE),320
6291023100134,DF ALMOND POWDER,160
6291023100141,DF ALMOND POWDER,320
6291023109076,DF ALMOND SS,600
6291023100257,DF ALU BUKHARA,120
6291023100271,DF AMCHUR POWDER,87
6291023100332,DF ANARDANA,67
6291023100349,DF ANARDANA,134
6291023102398,DF ANJEER (FIGS),374
6291023102381,DF ANJEER(FIGS),194
6291023100394,DF ARABIC MASALA,80
6291023100400,DF ARABIC MASALA,147
6291023141755,DF ASST SPICES,18.75
6291023100516,DF BAJRA WHOLE,34
6291023100530,DF BAJRA WHOLE,40
6291023410608,DF BAKING POWDER,103
6291023100585,DF BARLEY,27
6291023136645,DF BARLEY,50
6291023100219,DF BASIL,80
6291023137185,DF BASMATI RICE CLASSIC,98
6291023136799,DF BASMATI RICE TRADITIONAL,143
6291023100608,DF BAY LEAVES,44
6291023100622,DF BAY LEAVES,54
6291023135587,DF BBQ SAUCE,80
6291023410592,DF BICARBONATE SODA,92
6291023105337,DF BIRYANI RICE,47
6291023105344,DF BIRYANI RICE,90
6291023100639,DF BLACK EYE BEANS,87
6291023100646,DF BLACK EYE BEANS,103.5
6291023100240,DF BLACK PEPPER CRUSHED,154
6291023100301,DF BLACK PEPPER CRUSHED,307
6291023100653,DF BLACK PEPPER POWDER,120
6291023100660,DF BLACK PEPPER POWDER,240
6291023100707,DF BLACK PEPPER WHOLE,267
6291023100691,DF BLACK PEPPER WHOLE,134
6291023100721,DF BLACK PEPPER WHOLE,534
6291023100738,DF BLACK SALT,40
6291023100745,DF BLACK SALT,74
6291023100783,DF BROAD BEANS CUT,94
6291023100790,DF BROAD BEANS CUT,100
6291023100813,DF BROAD BEANS LS,160
6291023100806,DF BROAD BEANS LS,160
6291023100837,DF BROAD BEANS SS,107
6291023100356,DF BROWN SUGAR,102
6291023108680,DF BURGAL RED,60
6291023100882,DF BURGAL RED,60
6291023100899,DF BURGAL WHITE,60
6291023100912,DF BURGAL WHITE,60
6291023139233,DF CAKE MIX CHOCOLATE,66
6291023139264,DF CAKE MIX VANILLA,66
6291023100936,DF CARDAMOM BIG,300
6291023100929,DF CARDAMOM BIG,594
6291023100950,DF CARDAMOM GREEN,560
6291023100967,DF CARDAMOM GREEN,1067
6291023100998,DF CARDAMOM GREEN,320
6291023101018,DF CARDAMOM POWDER,751
6291023101001,DF CARDAMOM POWDER,378
6291023102596,DF CASHEW NUT,800
6291023101223,DF CASHEW NUT,340
6291023101247,DF CASHEW NUT,667
6291023101216,DF CASHEW NUT,174
6291023101285,DF CHANA BLACK,77
6291023101292,DF CHANA BLACK,80
6291023101308,DF CHANA BLACK BS,147
6291023101315,DF CHANA BLACK BS,154
6291023141748,DF CHANNA DAAL 800GMS,102
6291023101407,DF CHICK PEAS,140
6291023101414,DF CHICK PEAS,134
6291023101438,DF CHICK PEAS BS,174
6291023101421,DF CHICK PEAS BS,174
6291023100387,DF CHILLI CRUSHED,60
6291023100486,DF CHILLI CRUSHED,120
6291023100523,DF CHILLI POWDER,187
6291023101537,DF CHILLI POWDER,94
6291023101520,DF CHILLI POWDER,47
6291023101551,DF CHILLI POWDER,187
6291023101629,DF CHILLI WHOLE LONG,60
6291023101636,DF CHILLI WHOLE LONG,57
6291023101506,DF CHILLI WHOLE ROUND,60
6291023101643,DF CINNAMON POWDER,67
6291023101650,DF CINNAMON POWDER,134
6291023101704,DF CINNAMON STICK,134
6291023101711,DF CINNAMON STICK,134
6291023101681,DF CINNAMON STICK (DALCHINI),67
6291023101766,DF CLOVES,274
6291023111116,DF CLOVES,74
6291023101759,DF CLOVES,140
6291023101803,DF CLOVES POWDER,167
6291023139622,DF COCONUT MILK POWDER,100
6291023139639,DF COCONUT MILK POWDER,80
6291023139646,DF COCONUT MILK POWDER,306
6291023101858,DF COCONUT POWDER,96
6291023101865,DF COCONUT POWDER,174
6291023100554,DF CORIANDER POWDER,120
6291023101926,DF CORIANDER POWDER,47
6291023101933,DF CORIANDER POWDER,87
6291023101957,DF CORIANDER POWDER,167
6291023101988,DF CORIANDER WHOLE,120
6291023101964,DF CORIANDER WHOLE,67
6291023113332,DF CORN FLOUR,62
6291023102039,DF CURMURA,24
6291023102053,DF CURRY POWDER,74
6291023102060,DF CURRY POWDER,134
6291023012482,DF CUSTARD POWDER,86
6291023162842,DF CUSTARD POWDER SP,77
6291023102107,DF DAL (MOTH),147
6291023101322,DF DAL CHANA,90
6291023101339,DF DAL CHANA,94
6291023103616,DF DAL MASOOR,80
6291023103609,DF DAL MASOOR (LENTIL),74
6291023103982,DF DAL MOONG GREEN,100
6291023103999,DF DAL MOONG GREEN,107
6291023104002,DF DAL MOONG WASHED,100
6291023104019,DF DAL MOONG WASHED,107
6291023104200,DF DAL MUTTER,54
6291023104194,DF DAL PDL 010 0013MUTTER,54
6291023106242,DF DAL TOOR WOIL,110
6291023106259,DF DAL TOOR WOIL,114
6291023106303,DF DAL URAD BLACK,167
6291023106297,DF DAL URAD BLACK,127
6291023106310,DF DAL URAD WASHED,127
6291023106327,DF DAL URAD WASHED,134
6291023106747,DF DAL YELLOW MASOOR,97
6291023106754,DF DAL YELLOW MASOOR,100
6291023134993,DF DRESSING CAESAR,47
6291023135105,DF DRESSING CAESAR,134
6291023134979,DF DRESSING FRENCH,47
6291023135082,DF DRESSING FRENCH,134
6291023134986,DF DRESSING ITALIAN,47
6291023135099,DF DRESSING ITALIAN,134
6291023134962,DF DRESSING RANCH,47
6291023135075,DF DRESSING RANCH,134
6291023134955,DF DRESSING THOUSAND ISLAND,47
6291023135068,DF DRESSING THOUSAND ISLAND,134
6291023103494,DF DRIED LEMON,74
6291023103500,DF DRIED LEMON,67
6291023105375,DF EGYPTION RICE,74
6291023102213,DF FENNEL POWDER,80
6291023102275,DF FENNEL SEED,47
6291023102251,DF FENNEL SEED,94
6291023100561,DF FLOUR BAJRA,60
6291023102022,DF FLOUR CORN,54
6291023102718,DF FLOUR GRAM,97
6291023102732,DF FLOUR GRAM,100
6291023104910,DF FLOUR PLAIN (MAIDA),44
6291023104934,DF FLOUR PLAIN (MAIDA),47
6291023105399,DF FLOUR RICE,70
6291023105412,DF FLOUR RICE,71
6291023106532,DF FLOUR WHEAT,37
6291023107072,DF FLOUR WHEAT(ATTA),58
6291023102503,DF GARAM MASALA POWDER,87
6291023102510,DF GARAM MASALA POWDER,167
6291023102589,DF GARLIC POWDER,120
6291023102572,DF GARLIC POWDER,60
6271006260710,DF GIANT GARBANZO PEAS,26.4
6291023102640,DF GINGER POWDER,74
6291023102657,DF GINGER POWDER,134
6291023107119,DF GRAM DAL,47
6291023102824,DF GRAM DAL,94
6291023102749,DF GRAM ROASTED,47
6291023102756,DF GRAM ROASTED,94
6291023102831,DF GREEN PEAS,54
6291023102848,DF GREEN PEAS,54
6291023102909,DF GUR,74
6291023100905,DF HALDI POWDER,160
6291023102916,DF HALDI POWDER (TURMERIC),60
6291023102923,DF HALDI POWDER (TURMERIC),114
6291023102947,DF HALDI POWDER (TURMERIC),220
6291023109250,DF HAREES,54
6271006263117,DF HOMMOS TAHINEH,31.9
6291023103036,DF HORSE GRAIN,107
6291023109588,DF ICING SUGAR,47
6291023014523,DF ICING SUGAR -BOX,78
6291023109496,DF ICING SUGAR -POUCH,74
6291023104217,DF JAIFAL (NUTMEG),100
6291023010013,DF JAM APRICOT,85.8
6291023010020,DF JAM CHERRY,85.8
6291023010051,DF JAM ORANGE MARMALAD,85.8
6291023010075,DF JAM RASPBERRY,85.8
6291023010082,DF JAM STRAWBERRY,85.8
6291023107294,DF JAR AJWAN SEED,57
6291023104491,DF JAR ALL SPICES (JAMAICAN),60
6291023105016,DF JAR ALL SPICES GROUND,60
6291023100417,DF JAR ARABIC MASALA,107
6291023107317,DF JAR BASIL,57
6291023107348,DF JAR BLACK PEPPER CRUSHED,124
6291023107355,DF JAR BLACK PEPPER POWDER,97
6291023104354,DF JAR BLACK PEPPER POWDER,207
6291023104361,DF JAR BLACK PEPPER WHOLE,214
6291023107362,DF JAR BLACK PEPPER WHOLE,107
6291023109823,DF JAR CAJUN SPICE,54
6291023100974,DF JAR CARDAMOM GREEN,560
6291023107379,DF JAR CARDAMOM GREEN,294
6291023104279,DF JAR CARDAMOM POWDER,494
6291023107386,DF JAR CARDMOM POWDER,190
6291023107430,DF JAR CHILLI CRUSHED,50
6291023101544,DF JAR CHILLI POWDER,104
6291023107447,DF JAR CHILLI POWDER,54
6291023107454,DF JAR CINNAMON POWDER,57
6291023101667,DF JAR CINNAMON POWDER,104
6291023107461,DF JAR CINNAMON STICK,37
6291023101773,DF JAR CLOVES,244
6291023107478,DF JAR CLOVES,124
6291023101940,DF JAR CORIANDER PWD(DHANIYA),67
6291023101971,DF JAR CORIANDER WHOLE,54
6291023107492,DF JAR CORIANDER WHOLE,30
6291023107508,DF JAR CURRY POWDER,54
6291023102077,DF JAR CURRY POWDER,117
6291023107515,DF JAR FENNEL POWDER,60
6291023102244,DF JAR FENNEL SEED,90
6291023103777,DF JAR FENUGREEK SEED(METHI),84
6291023107706,DF JAR FENUGREEK SEED(METHI),47
6291023107522,DF JAR FISH MASALA,54
6291023107539,DF JAR GARAM MASALA,57
6291023102527,DF JAR GARAM MASALA,117
6291023107546,DF JAR GARLIC POWDER,57
6291023104309,DF JAR GARLIC POWDER,117
6291023102664,DF JAR GINGER POWDER,117
6291023107553,DF JAR GINGER POWDER,57
6291023102930,DF JAR HALDI POW.TURMERIC,120
6291023107560,DF JAR HALDI POWDER,67
6291023104798,DF JAR ITALIAN HERBS,60
6291023107607,DF JAR JEERA POWDER (CUMIN),60
6291023103173,DF JAR JEERA POWDER (CUMIN),93
6291023103210,DF JAR JEERA WHOLE,104
6291023107614,DF JAR JEERA WHOLE(CUMIN),60
6291023103470,DF JAR KALAUNJEE(NIGELLA),100
6291023101582,DF JAR KASHMIRI CHILLI POWDER,124
6291023107621,DF JAR KASHMIRI CHILLI POWDER,64
6291023104378,DF JAR LEMON SALT,60
6291023107713,DF JAR MINT (NANA),47
6291023102794,DF JAR MIXED HERBS,57
6291023107720,DF JAR MUSTARD POWDER,44
6291023104170,DF JAR MUSTARD SEED,69
6291023107737,DF JAR MUSTARD SEED,44
6291023107751,DF JAR NUTMEG POWDER,90
6291023107768,DF JAR ONION POWDER,60
6291023107775,DF JAR OREGANO,57
6291023104316,DF JAR OREGANO,104
6291023107782,DF JAR PAPRIKA POWDER SWEET,60
6291023106099,DF JAR PAPRIKA POWDER SWEET,110
6291023106921,DF JAR POP CORN,84
6291023107829,DF JAR ROSEMARY,57
6291023107911,DF JAR TANDOORI MASALA,66
6291023106136,DF JAR TANDOORI MASALA,124
6291023107928,DF JAR THYME,57
6291023107942,DF JAR WHITE PEPPER POWDER,110
6291023104330,DF JAR WHITE PEPPER POWDER,234
6291023107584,DF JAR ZATTAR,47
6291023103159,DF JEERA POWDER,60
6291023103166,DF JEERA POWDER,114
6291023103180,DF JEERA POWDER,220
6291023103197,DF JEERA WHOLE,60
6291023103203,DF JEERA WHOLE,114
6291023103227,DF JEERA WHOLE,220
6291023103456,DF KALAUNJEE,74
6291023103463,DF KALAUNJEE (NIGELLA),127
6291023101568,DF KASHMIRI CHILLI POWDER,74
6291023101575,DF KASHMIRI CHILLI POWDER,107
6291023101599,DF KASHMIRI CHILLI POWDER,274
6291023108017,DF KEWDA WATER,23
6291023103272,DF KISHMISH BLACK,94
6291023103265,DF KISHMISH BLACK,60
6291023103326,DF KISHMISH GOLDEN,47
6291023103333,DF KISHMISH GOLDEN,100
6291023103357,DF KISHMISH GOLDEN,187
6291023103296,DF KISHMISH GREEN,74
6291023103302,DF KISHMISH GREEN,140
6291023101735,DF LEMON SALT,80
6291023101728,DF LEMON SALT,54
6291023104651,DF MAKHANA(PHOOL PATASHA),100
6291023137956,DF MANGO INSTANT DRINK POWDER,140
6291023105542,DF MASOOR GOTA,84
6291023105559,DF MASOOR GOTA,87
6291023103623,DF MASOOR WHOLE GREEN,97
6291023103630,DF MASOOR WHOLE GREEN,87
6291023103647,DF MASOOR WHOLE RED,84
6291023103654,DF MASOOR WHOLE RED,87
106060097315,DF MAYO SQZY LEMON,40
106060103818,DF MAYOCHILI 500ML,40
6291023135044,DF MAYOCHUP SQUEEZY,40
6291023135037,DF MAYOLIVE SQUEEZY,40
6291023134870,DF MAYONNAISE,58
6291023135006,DF MAYONNAISE SQUEEZY,40
6291023135013,DF MAYONNAISE SQUEEZY BLK PEP,40
6291023135020,DF MAYONNAISE SQUEEZY GARLIC,40
6291023103692,DF METHI POWDER,47
6291023103753,DF METHI SEED,40
6291023103760,DF METHI SEED,74
6291023103791,DF MINT (NANA),94
6291023103814,DF MINT (NANA),60
6291023103821,DF MISRY SWEET,30
6291023103838,DF MISRY SWEET,60
6291023103869,DF MIX FRUITS,247
6291023103852,DF MIX FRUITS,127
6291023103883,DF MIX FRUITS,487
6291023103890,DF MIX MASALA (GARAM MASALA),87
6291023103906,DF MIX MASALA (GARAM MASALA),167
6291023103913,DF MIX MASALA (GARAM MASALA),164
6291023139769,DF MONOSODIUM GLUTAMATE,173
6291023141724,DF MOONG DAAL 800 GMS,102
6291023141731,DF MOONG WHOLE (GREEN) 800GMS,102
6291023104057,DF MOONG WHOLE GREEN INDIA,100
6291023104040,DF MOONG WHOLE GREEN INDIA,97
6291023012178,DF MUSTARD OIL,65
6291023012185,DF MUSTARD OIL,65
6291023104125,DF MUSTARD POWDER,47
6291023104132,DF MUSTARD POWDER,74
6291023104156,DF MUSTARD SEED,34
6291023104163,DF MUSTARD SEED,60
6291023136874,DF OATS CAN TWIN PACK,6
6291023136881,DF OATS POUCH TWIN PACK,77
6291023139202,DF OLIVE OIL,139
6291023139196,DF OLIVE OIL,117
9201110108513,DF OLIVE OIL,222
6291023162873,DF OLIVE OIL,180
6291023104286,DF ONION POWDER,80
6291023104293,DF ONION POWDER,134
6291023137949,DF ORANGE INSTANT DRINK POWDE,140
6291023104323,DF OREGANO,140
6291023135242,DF PAN CAKE SYRUP,112
6291023106075,DF PAPRIKA POWDER SWEET,94
6291023106082,DF PAPRIKA POWDER SWEET,160
6291023105481,DF PAR BOILED RICE,44
6291023107799,DF PARSLEY JAR,57
6291023104514,DF PEANUT RAW,74
6291023104521,DF PEANUT RAW,127
6291023104507,DF PEANUT RAW,47
6291023137963,DF PINEAPPLE INSTANT DRINK PO,140
6291023104705,DF PISTA PEELED,294
6291023104712,DF PISTA PEELED,600
6291023104842,DF PISTA SALTED,327
6291023104835,DF PISTA SALTED,167
6291023104873,DF PISTA UNSALTED,160
6291023104880,DF PISTA UNSALTED,360
6291023104903,DF PISTA UNSALTED,640
106010442011,DF PIZZA SAUCE,43
6291023139905,DF POMACE OLIVE OIL,189
6291023107188,DF PONNI RICE,54
6291023105009,DF POP CORN,54
6291023104972,DF POP CORN (MAIZE),50
6291023105948,DF POP CORN CAN,56
6291023105108,DF POWA,64
6291023105115,DF POWA,40
6291023105122,DF POWA,67
6291023103487,DF RAGI POWDER,67
6291023103012,DF RAGI WHOLE,60
6291023105221,DF RED BEANS,160
6291023105238,DF RED BEANS,174
6291023105252,DF RED CHOWRI,134
6291023105351,DF RICE BROWN,50
6291023105368,DF RICE BROWN,97
6291023107157,DF RICE EGYPTIAN,170
6291023105382,DF RICE EGYPTION,140
6291023104064,DF RICE IDLI,57
6291023106457,DF RICE SUPER BASMATI,97
6291023106464,DF RICE SUPER BASMATI,190
6291023411216,DF ROSE WATER,22
6291023102237,DF ROSEMERY,74
6291023105580,DF SABOODANA (SAGO) INDIA,34
6291023105597,DF SABOODANA (SAGO) INDIA,60
6291023105610,DF SABOODANA (SAGO) INDIA,114
6291023107263,DF SALT BOTTLE,18
6291023107270,DF SALT PKT,16.68
6291023137079,DF SALTED CASHEWS,264
6291023136997,DF SALTED MIX NUTS,140
6291023136928,DF SALTED PEANUTS,7.5
6291023136959,DF SALTED PEANUTS,80
6291023137031,DF SALTED PISTAS,264
6291023100714,DF SEED SESAME (TILL),74
6291023101025,DF SEED SESAME (TILL),108
6291023105894,DF SEED SUNFLOWER,54
6291023105917,DF SEED SUNFLOWER,94
6291023106181,DF SEED TILL BLACK,87
6291023106204,DF SEED TILL ROASTED,87
6291023106211,DF SEED TILL ROASTED,160
6291023105689,DF SEMOLINA (SUJI),67
6291023105665,DF SEMOLINA (SUJI),60
6291023138977,DF SEMOLINA CAN,103.5
6291023410622,DF SEMOLINA CAN WC,117
6291023107058,DF SHAHI JEERA,154
6291023139950,DF SOY SAUCE,50
6291023139967,DF SOY SAUCE,50
6291023139974,DF SOY SAUCE,32
6291023134702,DF SOY SAUCE,44
6291023134719,DF SOY SAUCE,37
6291023105863,DF SOYA BEANS,89.7
6291023109526,DF STAR ANISEED,138
6291023107133,DF SUGAR,180
6291023113028,DF SUGAR,175
6291023117200,DF SUGAR,174
6291023151365,DF SUNFLOWER OIL 6X1.5LTR,75
6291023135556,DF SYRUP CHOCOLATE,67
6291023135563,DF SYRUP STRAWBERRY,60
106010318125,DF TOMATO KETCHUP SACHET,54
6291023137970,DF TROPICAL INSTANT DRINK POW,140
6291023106266,DF TUK MALANGA,94
6291023106273,DF TUK MALANGA,187
6291023106389,DF URAD BLACK WHOLE,127
6291023106396,DF URAD BLACK WHOLE,134
6291023105306,DF URAD GOTA,134
6291023109519,DF URAD GOTA,127
6291023108215,DF VANILLA FLAVOUR,134
6291023410554,DF VINEGAR RED BTL,36
6291023410547,DF VINEGAR RED BTL,36
6291023410578,DF VINEGAR WHITE BTL,32
6291023410585,DF VINEGAR WHITE BTL,32
6291023410561,DF VINEGAR WHITE PVC,27
6291023103722,DF WADI SOYA -NUTRELLA,74
6291023106488,DF WALNUT PEELED,354
6291023106471,DF WALNUT PEELED,180
6291023106587,DF WHITE BEANS,124
6291023106594,DF WHITE BEANS,127
6291023105955,DF WHITE OATS,106
6291023108307,DF WHITE OATS POUCH,87
6291023106600,DF WHITE PEAS,57
6291023106617,DF WHITE PEAS,60
6291023106686,DF WHITE PEPPER POWDER,167
6291023105504,DF WHITE RICE,37
6291023105511,DF WHITE RICE,74
6291023103067,DF ZATTAR,54
6291023103074,DF ZATTAR,87
8886012900024,DAHLIA BC002 TOILET BLUE CLEAN,68.5
8886012381168,DAHLIA D-116 DEHUMIDIFIER REFL,39
8886012381175,DAHLIA D-117 ODOR ABSORBER FRZ,63
8886012381199,DAHLIA D-119 ODOR ABSORBER,63
8886012802052,DAHLIA K-205 NAPTHALENE,31.97
8886012800218,DAHLIA K-21 NAPTHALENE,85.73
8886012802151,DAHLIA K-215 NAPTHALENE,144.9
8886012880227,DAHLIA K-22EX NAPTHALENE EX QT,48.3
8886012802304,DAHLIA K-230 KAPUR BARUS HANGR,66.7
8886012892312,DAHLIA K-231 CLOSET FRESHENER,74.82
8886012822326,DAHLIA K-232 BASKET HANGER,31
8886012882337,DAHLIA K-233 TRNDY DEODRZR AST,66.41
8886012800249,DAHLIA K-24 DEODORIZER REFIL,35.37
8886012802427,DAHLIA K-242 SUPER REFILL QLT,35.7
8886012883242,DAHLIA K-24SG DEODORIZER LEMON,44.22
8886012800270,DAHLIA K-27 DEODORANT BALL,72.1
8886012802724,DAHLIA K-272 DOUBLE BALL,117.67
8886012800294,DAHLIA K-29 DEODORANT FLOWER,68.02
8886012800317,DAHLIA K-31 TOILET BALL  5 PC,74.15
8886012883136,DAHLIA K-313 TOILET BALL 3 PCS,92.82
8886012883167,DAHLIA K-316 FRESH BOUQUET,76.07
8886012800324,DAHLIA K-32 TOILET BALL 6 PCS,87.07
8886012800331,DAHLIA K-33W NAPTHALENE TBALL,60.95
8886012800348,DAHLIA K-34 NAPTHALENE TBALL,55
8886012800355,DAHLIA K-35 NAPTHALENE TBALL,58
8886012800362,DAHLIA K-36 NAPTHALENE TBALL,55
8886012803813,DAHLIA K-381 MY LOVE,53
8886012889015,DAHLIA MD-1 MOTH HANGER NBALL,78
104090001517,DAILY FRESH HOMMUS TAHINEH OP,27
6271006262219,DAILY FRESH PROCESD GREEN PEAS,19
105010454710,DAILY FRESH SUPER BASMATI RICE,120
8964000683415,EBM BISCUIT CLICK,72
8964000685761,EBM BISCUIT NANKHATAI,72
8964000682470,EBM BISCUIT PARTY PIK,72
8964000682173,EBM BISCUIT PEANUT PIK,72
8964000682289,EBM BISCUIT PISTA PIK,72
8964000682890,EBM BISCUIT SALTISH,72
8964000681008,EBM BISCUIT SOOPER FAMILY PACK,72
8964000681015,EBM BISCUIT SOOPER HALF ROLL,230.4
8964000681077,EBM BISCUIT SOOPER SNACK PACK,230.4
8964000681053,EBM BISCUIT SOOPER TICKY PACK,259.2
8964002755080,EBM CAKE SOOPER PLAIN,108
8964000681886,EBM CAKE UP CHOCOLATE,161.28
8964000681947,EBM CAKE UP DOUBLE CHOCOLATE,161.28
8964000681909,EBM CAKE UP STRAWBERRY,161.28
8964000685679,EBM COOKIE CHOCOLICIOUS D CHOC,72
8964000685549,EBM COOKIE CHOCOLICIOUS VANILA,72
5701215001534,EMBORG CHICKEN FRANK (REGULAR),163.2
5701215001541,EMBORG CHICKEN FRANK HOT&SPICY,176.8
5704025022331,EMBORG FRENCH FRIES CRNKLE CUT,129.5
5704025022324,EMBORG FRENCH FRIES SHOESTRING,129.5
5704025022348,,129.5
5704025022355,EMBORG FRENCH FRIES STRAIT CUT,100
6291023141427,FRESHCO CORN FLOUR,45
23857806823,FRONTIER LIGHTER FLUID,126
23857806427,FRONTIER LIGHTER FLUID,216
5060402903533,GALAXY CHOCO SMOOTH MLK SPREAD,65.7
5056357900963,GALAXY CHOCOLATE ROUNDS BISC,105
5060402907296,GALAXY COOKIES CHOCOLATE,86
5056357903858,GALAXY COOKIES W HAZELNUT,90
5056357908303,GALAXY DGST BSCT SMTH MLK 300G,231
5056357900406,GALAXY MILK DRINK SPORTS CAP,66
107070064519,GO BADAM 5+1 180 ML OFFER,62
8906001022282,GO BADAM MILK,74.4
106020198014,GOLDEN GLORY HNY JAR SPL PRICE,96
4891460223223,GOLDEN GLORY HONEY JERRY CAN,100
106020195716,GOLDEN GLORY HONEY PURE SQUEEZ,111
106020197918,GOLDEN GLORY HONEY TWIN PK,78
9310804000382,GOLDEN GLORY PURE HONEY JAR,129
9310804000399,GOLDEN GLORY PURE HONEY JAR,98
8906001021421,GOWARDHAN FROZEN PANEER,203
8906001021292,GOWARDHAN FROZEN PANEER,221
8906001023036,GOWARDHAN PREMIUM GHEE,485.76
8906001023043,GOWARDHAN PREMIUM GHEE,485.76
4806516700238,GS FZ SLICED BANANA,238.8
4806516700504,GS FZ SWEETENED BANANA,238.8
4806516700122,GS FZ TURON,456
4806516700276,GS FZ TURONITOS,456
4806516700368,GS FZ TURONITOS PINEAPPLE,456
4806516700375,GS FZ TURONITOS UBE,456
4806516700092,GS FZ WHOLE BANANA,249.6
8850632200284,HARTBEAT CANDY BLACKCURRANT,110
8850632200260,HARTBEAT CANDY CORAZON STRW MT,110
8850632200864,HARTBEAT CANDY LOVE&PASSION,110
8850632200031,HARTBEAT CANDY LYCHEE,110
8850632202332,HARTBEAT CANDY LYCHEE,134.2
8850632200048,HARTBEAT CANDY MELON,110
8850632202349,HARTBEAT CANDY MELON,134.2
8850632205708,HARTBEAT CANDY MINI HEART,198.72
9010000381321,HARTBEAT CANDY MIXED FLAVOURS,134.2
102021038717,HARTBEAT CANDY MIXED@SPL PRICE,111.6
8850632200017,HARTBEAT CANDY STRAWBERRY,110
8850632202318,HARTBEAT CANDY STRAWBERRY,134.2
8850632202325,HARTBEAT CANDY TUTTIFRUITI,134.2
8850632200055,HARTBEAT CANDY TUTTIFRUITY,110
8850632608745,HARTBEAT SOUR PUNK CUBE,216
8850632600695,HARTBEAT SOUR PUNK STICK APPLE,348.82
8850632602071,HARTBEAT SOUR PUNK STICK BBER,348.82
8850632600367,HARTBEAT SOUR PUNK STICK COLA,348.82
8850632604792,HARTBEAT SOUR PUNK STICK MANGO,219
8850632600275,HARTBEAT SOUR PUNK STICK STRAB,348.82
8850632605867,HARTBEAT SOUR PUNK STRAWBERRY,216.14
8901571003648,HORLICKS BISCUIT REGULAR,172
8901571004027,HORLICKS FOODLES ALA MASALA,197
8901571004003,HORLICKS FOODLES MAST MASALA,152
8997009781110,HYDRO COCO COCONUT WATER DRINK,80.52
8888919101467,ICE COOL 100% COCONUT WATER,102.5
8888919123186,ICE COOL COCONUT JUICE CAN,144.9
8888919101450,ICE COOL COCONUT WATER PET,85.75
8888919123988,ICE COOL ROASTED COCONUT JUICE,155.5
8888919124008,ICE COOL ROASTED COCONUT JUICE,107.5
107030001936,ICE COOL YOUNG COCONUT JUICE,99
8888919123698,ICE COOL YOUNG COCONUT JUICE,98
107030414415,ICE COOL YOUNG COCONUT JUICE,82.5
105110746913,JUNGLE OAT SO EASY ASST@20%OFF,12.66
6001275100635,JUNGLE OATSO EASY APPLE&CINAM,95
6001275100666,JUNGLE OATSO EASY CHOCOLATE,95
6001275100673,JUNGLE OATSO EASY NATURAL,95
6001275100680,JUNGLE OATSO EASY STRA&YOGHURT,95
8901216407244,KAMA SUTRA CONDOM CHILL THRILL,270
8901216407220,KAMA SUTRA CONDOM CHILL THRILL,183
8901216405059,KAMA SUTRA CONDOM CONTOURED,153
8901216405028,KAMA SUTRA CONDOM DOTTED,153
8901216407268,KAMA SUTRA CONDOM DOTTED,135
8901216405325,KAMA SUTRA CONDOM EXTRA LARGE,204
8901216405202,KAMA SUTRA CONDOM FLARED,153
8901216405219,KAMA SUTRA CONDOM FLAVOURED,153
8901216407312,KAMA SUTRA CONDOM FRUIT FLAVR,135
8901216405295,KAMA SUTRA CONDOM ICE CREAM,153
8901216407329,KAMA SUTRA CONDOM ICE CREAM,135
8901216405349,KAMA SUTRA CONDOM INTENSITY,204
8901216405714,KAMA SUTRA CONDOM INTENSITY,131
8901216405042,KAMA SUTRA CONDOM PLAIN,153
8901216407282,KAMA SUTRA CONDOM PLAIN,135
8901216405035,KAMA SUTRA CONDOM RIBBED,153
8901216407275,KAMA SUTRA CONDOM RIBBED,135
8901216405332,KAMA SUTRA CONDOM SUPER THIN,204
8901216405691,KAMA SUTRA CONDOM SUPER THIN,131
8901216405318,KAMA SUTRA CONDOM ULTRA THIN,153
8901216407336,KAMA SUTRA CONDOM ULTRATHIN,135
8901216405288,KAMA SUTRA CONDOM VARIETY,153
8901216407305,KAMA SUTRA CONDOM VARIETY,135
8901216407251,KAMA SUTRA CONDOM WARM INTIMCY,270
8901216407206,KAMA SUTRA CONDOM WARM INTIMCY,183
8901216407190,KAMA SUTRA CONDOM WET N WILD,248
8901216407169,KAMA SUTRA CONDOM WET N WILD,175
8901216404984,KAMA SUTRA CONDOM XTRA LARGE,131
8901216405097,KAMA SUTRA CONDOM XTRA PLEAS,131
8901216405264,KAMA SUTRA CONDOM XTRA PLEASUR,226
307070556513,KAMA SUTRA DEO RUSH DARE&STORM,96
307070618211,KAMA SUTRA DEO SPARK,96
8901216812895,KAMA SUTRA DEO SPRAY BLAZE,132
8901216713024,KAMA SUTRA DEO SPRAY DARE,132
8901216812062,KAMA SUTRA DEO SPRAY RUSH,132
8901216713017,KAMA SUTRA DEO SPRAY SPARK,132
8901216812888,KAMA SUTRA DEO SPRAY THRILL,132
8901216713031,KAMA SUTRA DEO SPRAY URGE,132
307070556414,KAMA SUTRA DEO WOO SPARK&URGE,96
9556587104903,KG CROQUETTES CURRY POTATO,91
9556587104910,KG CROQUETTES POTATO,91
9556587104927,KG CROQUETTES POTATO CAULI,91
9556587104934,KG CROQUETTES SPINACH CHEES,91
9556587100875,KG FZ ALOO PARATHA,195
9556587323106,KG FZ CHAPATTI,116
103080032111,KG FZ CHAPATTI,104
9556587101179,KG FZ CHAPATTI VPK,194
9556587988329,KG FZ CHILLI GARLIC PARATHA 4S,122
9556587988121,KG FZ FLAKEY PARATHA,123
9556587101254,KG FZ GARLIC BREAD,59
9556587102589,KG FZ MINI PAROTTA,170
9556587102145,KG FZ OAT CHAPATTI,123
9556587211229,KG FZ PUFF PASTRY SQUARE 4,133
9556587988107,KG FZ ROTI PARATHA PLAIN,127
103080039837,KG FZ ROTI PARATHA PLAIN,100
103080039820,KG FZ ROTI PARATHA PLAIN,127
9556074988115,KG FZ ROTI PARATHA PLAIN VPK,147
9556587988206,KG FZ ROTI PUFF PARATHA ONION,130
9556587101544,KG FZ ROTI WRAPS READY TO EAT,159
9556074410609,KG FZ SAMOSA PAD SHEET 250X80M,181
103080162412,KG FZ SAMOSA PAD SHEET250X80M,120
103080242213,KG FZ SPRING ROL SHEET 7.5X7.5,215
103080242312,KG FZ SPRING ROL SHEET 8.5X8.5,210
9556074310404,KG FZ SPRING ROLL SHEET 10X10,275
103080242510,KG FZ SPRING ROLL SHEET 10X10,215
9556074350400,KG FZ SPRING ROLL SHEET 5X5,266
103080242411,KG FZ SPRING ROLL SHEET 5X5,210
9556074370200,KG FZ SPRING ROLL SHEET7.5X7.5,271
9556074380407,KG FZ SPRING ROLL SHEET8.5X8.5,272
9556587101162,KG FZ WELLNESS WW 9GRAN PARAT,142
9556587101148,KG FZ WELLNESS WW AGOP PARAT,156
9556587101155,KG FZ WELLNESS WW METI PARAT,141
9556587101131,KG FZ WELLNESS WW PARATHA,142
9556587988114,KG FZ WHOLEMEAL PARATHA,133
9556587103210,KG KW TORTILLA WRAPS WHOLEMEAL,158
9556587104521,KG MALABAR ROTI 5S,124
103080225612,KG PLAIN PARATHA 4S PACK,87
6291023140826,KITCHEN KING VINEGAR WHITE,17
6514747006729,KLF  COCONUT COCO MILK PWDR TP,213.1
8906002661688,KLF BABY OIL NIRMAL VIRGIN,304.38
8906002661770,KLF CNUT HOIL NIRMAL JASMINE,297.19
8906002661817,KLF CNUT HOIL NIRMAL JASMINE,400
8906002661169,KLF COCONAD COCONUT MILK,127
8906002661077,KLF COCONAD COCONUT MILK PWDR,250.71
8906002661039,KLF COCONAD COCONUT MILK PWDR,270.38
8906002661114,KLF COCONAD COCONUT MILK PWDR,337.5
8906002662050,KLF COCONAD COCONUT SUGAR,168.75
8906002662036,KLF COCONAD COCONUT SUGAR,254.69
8906002660810,KLF COCONAD PURE COIL 2.5Lt,250
8906002660803,KLF COCONAD PURE COCONUT OIL,285.95
8906002660728,KLF COCONAD PURE COCONUT OIL,331
8906002660537,KLF COCONAD PURE COCONUT OIL,412
8906002660841,KLF COCONAD PURE COCONUT OIL,270
8905082000110,KLF COCONUT MILK TETRA PACK,160
8906002662357,KLF GHEENAD PURE COW GHEE,555.28
8906002662401,KLF GHEENAD PURE COW GHEE,549.53
8906002660353,KLF NIRMAL NATURALS CNUT OIL,330.48
8906002660438,KLF NIRMAL NATURALS CNUT OIL,160.23
8906002661466,KLF NIRMAL VIRGIN CNUT OIL GB,300
8906002661411,KLF NIRMAL VIRGIN CNUT OIL GB,210.65
8906002661534,KLF NIRMAL VIRGIN COIL ORGNC,178.8
8906002661558,KLF NIRMAL VIRGIN COIL ORGNC,198.8
6514747025041,KLF NIRMAL VIRGIN COCO GB SP,255
8906002661381,KLF NIRMAL VIRGIN COCONUT OIL,490
8906002661435,KLF NIRMAL VIRGIN COCONUT OIL,447.5
8906002661480,KLF NIRMAL VIRGIN COCONUT OIL,522.5
8906002661572,KLF NIRMAL XTRA VRGN COIL ORG,238.4
8906002661596,KLF NIRMAL XTRA VRGN COIL ORG,268.4
8906002661695,KLF NRML BABY VIRGIN CNUT OIL,291.25
8906002663255,KLF SESAME OIL ELLUNAD 180ML,295.24
8906002663279,KLF SESAME OIL ELLUNAD 400ML,305
8906002663293,KLF SESAME OIL ELLUNAD 800ML,459.03
8906002661947,KLF SOAP COCOSOFT,313.75
8906002661992,KLF SOAP NIRMAL VIRGIN,438.95
8906002663323,KLF TILNAD SESAME OIL,396
8906002663422,KLF TILNAD SESAME OIL,245.31
8906002663521,KLF TILNAD SESAME OIL,440.13
8901047703065,KOHINOOR PANEER CUBES,330
8901047703072,KOHINOOR PANEER CUBES,406
8901047703089,KOHINOOR PANEER CUBES,389
8888056103683,KOKA BOWL NOODLES BEEF,60
8888056803606,KOKA BOWL NOODLES CHICKEN,60
8888056805600,KOKA BOWL NOODLES MUSHROOM,60
8888056103836,KOKA BOWL NOODLES SEAFOOD,60
8888056805105,KOKA BOWL NOODLES TOM YAM,60
8888056705603,KOKA CUP NOODLES BEEF,85
8888056705108,KOKA CUP NOODLES CHICKEN,85
8888056705214,KOKA CUP NOODLES CHICKEN&CORN,85
8888056706617,KOKA CUP NOODLES CURRY,85
8888056707102,KOKA CUP NOODLES MUSHROOM,85
8888056706105,KOKA CUP NOODLES SEAFOOD,85
8888056707119,KOKA CUP NOODLES TOMATO,85
8888056706518,KOKA CUP NOODLES TOMYAM SHRIMP,85
8888056707218,KOKA CUP NOODLES VEGETABLES,85
8888056820016,KOKA MP NMSG NDLS BLK PEPPER,89
8888056603916,KOKA MPACK NOODLES BEEF,90
8888056603862,KOKA MPACK NOODLES CHICKEN,90
8888056301232,KOKA MPACK NOODLES CHICKEN,90
8888056605606,KOKA MPACK NOODLES CRAB,90
8888056603961,KOKA MPACK NOODLES CURRY,90
105121270919,KOKA MPACK NOODLES CURRY,90
8888056603817,KOKA MPACK NOODLES MASALA,90
8888056603824,KOKA MPACK NOODLES MIGORENG,95
8888056604012,KOKA MPACK NOODLES MUSHROOM,90
8888056604067,KOKA MPACK NOODLES PRAWN,90
8888056708109,KOKA MPACK NOODLES STIR FRIED,90
8888056707607,KOKA MPACK NOODLES TOM YAM,90
8888056708604,KOKA MPACK NOODLES TOMATO,90
8888056708512,KOKA MPACK NOODLES VEGETABLES,90
78895761566,LEE KK BLACK BEAN SAUCE,120.75
78895941593,LEE KUM KEE BLACK PEPPER SAUCE,129.96
78895740042,LEE KUM KEE CHAR SIU SAUCE,131.1
78895731026,LEE KUM KEE CHILI BEAN SAUCE,131.1
78895770018,LEE KUM KEE CHILI GARLIC SAUCE,129.96
78895730012,LEE KUM KEE GUILIN CHILLI SAUC,131.1
78895700015,LEE KUM KEE HOISIN SAUCE,131.1
78895135886,LEE KUM KEE LIGHT SOY SAUCE,124.02
78895128895,LEE KUM KEE MUSHROOM DARK SOY,133.56
78895129625,LEE KUM KEE PDARK SOY SAUCE,100.8
78895300024,LEE KUM KEE PANDA OYSTER SAUCE,131.1
78895300017,LEE KUM KEE PANDA OYSTER SAUCE,103.5
78895122565,LEE KUM KEE PLUM SAUCE,131.1
78895720051,LEE KUM KEE SWEET&SOUR SAUCE,131.1
6287034100171,LIFT UP DRINK GINSENG GUARANA,74.6
6281020010710,LUNA CANNED BAKED BEANS,63.6
6281020010413,LUNA CANNED CHICK PEAS,63.6
6281020010314,LUNA CANNED GREEN PEAS,50.4
6281020010819,LUNA CANNED RED KIDNEY,63.44
6281020010512,LUNA CANNED WHITE BEANS,50.4
6281020300934,LUNA CREAM CHEESE SPREAD,59.4
6281020301030,LUNA CREAM CHEESE SPREAD,89
6281020030114,LUNA CREAM STERLIZED,146
6281020172906,LUNA CREAM STERLIZED ANALOG,137
6281020290433,LUNA CREAME BANANA,163.5
6281020318939,LUNA CREAME CHOLESTEROL FREE,103
6281020290631,LUNA CREAME HONEY,163.5
6281020290532,LUNA CREAME STRAWBERRY,163.5
6281020172456,LUNA ICE COFFEE CAPPUCCINO,80.4
6281020173033,LUNA ICED COFFEE CAPPUCCINO,100
6281020173026,LUNA ICED COFFEE CARAMEL,100
6281020172395,LUNA ICED COFFEE MOCHA,100
6281020172388,LUNA ICED COFFEE ORIGINAL,100
6281020010215,LUNA MEDAMES AMERICAN,50.4
6281020010116,LUNA MEDAMES CHINA,47.78
6281020325630,LUNA MEDAMES EGYPTIAN,33
6281020325531,LUNA MEDAMES SAUDI,33
6281020325937,LUNA MEDAMES SECRET REC,35.97
6281020294738,LUNA MILK CONDENSED,264
6281020053410,LUNA MILK EVAP FCREAM,204
6281020171732,LUNA MILK EVAP FCREAM BOOFIA,144
6281020050211,LUNA MILK EVAP FCREAM EO,193
109040030012,LUNA MILK EVAP FCREAM EO 12P,162
109040030111,LUNA MILK EVAP FCREAM EO 6P,172
6281020297036,LUNA MILK EVAP FCREAM POPULAR,89
6281020299337,LUNA MILK EVAP FCREAM POPULAR,173
6281020106215,LUNA TOMATO PASTE TETRA PACK,57.5
5060402907302,M&MS COOKIES DOUBLE CHOCOLATE,86
5060402905346,M&Ms CHOCOLATE SPREAD,65.7
5056357901243,MALTESERS BISCUITS,140
5056357903926,MALTESERS CHOCOLATE SPREAD,72
5060402907906,MARS CHOCOLATE SPREAD,65.7
5060402908071,MARS COOKIES SOFT BAKED,86
5056357900444,MARS MILK DRINK CHOCO SPTCAP,66
5056357900468,MARS MILKY WAY CHOC MILK DRINK,66
8901743020619,MELAM FISH MASALA,378
8901743020527,MELAM GARAM MASALA,612
8901743040150,MELAM KASHMIRI CHIILLI,318
8901743011327,MELAM MASALA BIRIYANI,378
8901743011723,MELAM MASALA CHICKEN,378
8901743011426,MELAM MASALA MEAT,378
8901743020329,MELAM MEAT MASALA,378
8901743020367,MELAM MUTTON MASALA,378
8901743062060,MELAM PATHIRI PODI,81.6
8901743060226,MELAM PODI PUTTU (WHITE),81
8901743060622,MELAM PODI RICE POWDER,81.6
8901743000406,MELAM POUCH BIRYANI MASALA,378
8901743020114,MELAM POUCH CHICKEN MASALA,378
8901743070027,MELAM POUCH SAMBAR MASALA,378
8901743040228,MELAM POWDER CORIANDER,231
8901743040129,MELAM POWDER RED CHILLY,252
8901743040334,MELAM POWDER TURMERIC,240
781584588862,MELAM1MEAT+BRYNI+CHCKN MSLA SP,252
781584588855,MELAM2BIRYANI+1 MEAT MASALA SP,252
781584588848,MELAM2BIRYANI+1CHCKN MASALA SP,252
781584588879,MELAM2CHICKEN+1 MEAT MASALA SP,252
5056357903902,MILKYWAY CHOCOLATE SPREAD,72
9501052027508,MINARA 1.5LTR TWIN PACK,120
9501052028956,MINARA AREEJ PRO FRYING OIL,140
9501052022053,MINARA PREMIUM SUNFLOWER OIL,115
9501052001119,MINARA PURE SUNFLOWER OIL PVC,135
9501052022565,MINARA SHORTENING,110
42768919323,MUNCHBOX  NUTS CHOCALMONDS,55
755003827788,MUNCHBOX  NUTS CHOCALMONDS,112.5
42768919361,MUNCHBOX  NUTS NUTTY PROFESSOR,55
755003827771,MUNCHBOX  NUTS NUTTY PROFESSOR,112.5
755003828150,MUNCHBOX  NUTS SMOKEY BBQ,112.5
755003827801,MUNCHBOX  NUTS WASACORN,112.5
742488689567,MUNCHBOX CHIPS BBQ ALMOND,195
742488689581,MUNCHBOX CHIPS BROCOLI CHEESE,195
742488689604,MUNCHBOX CHIPS CAULI CHILLI LI,195
742488689598,MUNCHBOX CHIPS CAULI SEA SALT,195
742488689574,MUNCHBOX CHIPS SOUR CREAM ALMD,195
755003828259,MUNCHBOX CHOCO WAFER 2 FINGER,135
755003828228,MUNCHBOX CHOCOLATE CRISP,129
755003827825,MUNCHBOX CRISPIES CHOCO,57.5
42768918678,MUNCHBOX EBALL CHIACHOCO,72.5
42768918975,MUNCHBOX EBALL CINAMON&VNL,72.5
42768918463,MUNCHBOX EBALLS COCONUT,72.5
42768918685,MUNCHBOX EB CRANBANANA,72.5
759170105151,MUNCHBOX GRANOLA CHIA CHOCO,333
759170105144,MUNCHBOX GRANOLA HONEY ALMOND,333
759170105137,MUNCHBOX GRANOLA STRAWBERRY,333
742488689154,MUNCHBOX K BARS CHOC WAFER X2,135
755003828198,MUNCHBOX K BARS CHOCOALTE HAZL,97.5
755003828396,MUNCHBOX KETO COOKIES CHCHIPS,75
755003828419,MUNCHBOX KETO COOKIES DBCHOCO,75
755003828433,MUNCHBOX KETO COOKIES PECAN,75
755003828181,MUNCHBOX LOW CARB CHOC BROWNIE,162.5
755003828204,MUNCHBOX LOW CARB CHOC VANILLA,162.5
755003828303,MUNCHBOX MUNCH CRISPIE MALLOWS,57.5
755003827818,MUNCHBOX MUNCH CRISPIE SBERRY,57.5
742488689611,MUNCHBOX POPCORN BUTTER,143.75
742488689628,MUNCHBOX POPCORN CHEESE,143.75
742488689635,MUNCHBOX POPCORN SALTED,143.75
742488689222,MUNCHBOX POPS  HAZELNUT CRM,75
742488689215,MUNCHBOX POPS  PEANUT CREAM,75
742488689208,MUNCHBOX POPS COCO DARK CHOCO,75
742488689192,MUNCHBOX POPS COCO WHITE CHOCO,75
42768918548,MUNCHBOX PROTN PEBBLE COCONUT,110
42768918562,MUNCHBOX PROTN PEBBLE PNT BTR,110
755003828174,MUNCHBOX SNACK PACK SMOKED BBQ,55
42768919309,MUNCHBOX SNACK PACK WASAA CORN,55
755003828235,MUNCHBOX WHITE CHOCOLATE CRISP,129
755003828242,MUNCHBOX WHITE HAZELNUT CRISP,129
8964002527823,NANKHATAI BSCT FAMILY PK PROMO,57.6
4987035481911,ORONAMIN C HEALTH DRINK,244
409130030312,OUTDOOR CHARCOAL BRIQUETTES,100.5
8901389805014,PASS P MOUTH FRESH METAMAGIC,686.4
8901389805021,PASS P MOUTH FRESHNER - MINT,686.4
105010231915,PEARL SWAN @ SPECIAL DISCOUNT,140
105010187212,PEARL SWAN FRAG JASMINE RICE,176
105010187410,PEARL SWAN FRAG JASMINE RICE,151.8
105010197013,PEARL SWAN FRAG JASMINE RICE,151.8
8938507039143,PEARL SWAN FRAG JASMINE RICE,157
4806514650870,PHL BUENAS AGAR AGAR GREEN,133.65
4806514651013,PHL BUENAS AGAR AGAR RED,133.65
4806514652324,PHL BUENAS BAGOONG TOMATO,193.6
4806514654403,PHL BUENAS BIHON RICE STICKS,105
4806514650320,PHL BUENAS CHINESE VERMICEL,160.6
4806514650030,PHL BUENAS COCONUT GEL GREEN,128.23
4806514650023,PHL BUENAS COCONUT GEL RED,128.23
4806514650016,PHL BUENAS COCONUT GEL WHITE,115
4806514650108,PHL BUENAS COCONUT SPORT,251.28
4806514650153,PHL BUENAS COCONUT SPREAD,207
4806514653697,PHL BUENAS FISH SAUCE,55.2
4806514650184,PHL BUENAS FLOUR STICK PCAN,225.01
4806514650160,PHL BUENAS FLOUR STICK PCAN,125.93
4806514650115,PHL BUENAS FRUIT MIX & BEANS,158.5
4806514650450,PHL BUENAS FZ COCONUT MILK,157
4806514650467,PHL BUENAS FZ GRATED CASSAVA,107
4806514650443,PHL BUENAS FZ GRATED COCONUT,114
4806514650580,PHL BUENAS FZ HORSERADISH LEVS,120
4806514650559,PHL BUENAS FZ JUTE LEAVES,109.5
4806514650566,PHL BUENAS FZ LEAVES GRND CASS,106.5
4806514650436,PHL BUENAS FZ PURPLE YAM,360
4806514650405,PHL BUENAS FZ SHREDDED COCONUT,143
853693001492,PHL BUENAS FZ STEAMED BAN VP,276
4806514650702,PHL BUENAS FZ SUMAN SA LIHIYA,256.25
4806514650122,PHL BUENAS JACKFRUIT IN SYRUP,277
853693001850,PHL BUENAS MACAPUNO STRING,348
4806514651198,PHL BUENAS PASTE SHRIMP SAUTED,206.4
4806514651204,PHL BUENAS PASTE SHRM SAUT SPC,206.4
4806514650078,PHL BUENAS PINEAPPLE GEL,128.23
811227011935,PHL BUENAS PURPLE YAM,324
4806514650092,PHL BUENAS RED MUNG BEANS,152.5
4806514650290,PHL BUENAS RICE STICKS PBIJON,186.88
4806514650214,PHL BUENAS SAUTEED SHRIMP P,284.05
4806514650207,PHL BUENAS SAUTEED SHRIMP P,247
4806514653680,PHL BUENAS SOY SAUCE,53.19
853693001768,PHL BUENAS SPF GREEN,213.6
853693001782,PHL BUENAS SPF RED,213.6
853693001898,PHL BUENAS SPF WHITE,213.6
4806514650047,PHL BUENAS SUGAR PALM FRUIT,168.48
4806514650054,PHL BUENAS SUGAR PALM FRUIT,168.48
4806514650061,PHL BUENAS SUGAR PALM FRUIT,168.48
811227010020,PHL BUENAS TARO LEAVES DRIED,130.4
4806514650085,PHL BUENAS WHITE BEANS,168.48
4800040951319,PHL COMFOODS FBSCO CHOCO CRNCH,523.2
4800040952316,PHL COMFOODS FBSCO CHOCO MALOW,290.4
4800040342636,PHL COMFOODS FBSCO HI-RO,2184
4800040342216,PHL COMFOODS FBSCO HI-RO,381.6
4800040511179,PHL COMFOODS RICOA CHOC CRL TP,211.5
4800040511254,PHL COMFOODS RICOA CHOC FLT TP,211.5
857451000208,PHL FZ MEGA BL MF MAR H&SPICY,415
857451000017,PHL FZ MEGA BL MF MARINATED,430
857451000024,PHL FZ MEGA BL MF PLAIN,400
857451000048,PHL FZ MEGA BL MF PRIME BELLY,500
857451000031,PHL FZ MEGA BL MF SMOKED,430
4800552888004,PHL GALINCO CHIP DLGT CHOC CHP,181.2
4800552888059,PHL GALINCO CHIP DLGT CHOC CHP,163.2
4800552888011,PHL GALINCO CHIP DLGT CHOC CHP,231
4800552888110,PHL GALINCO CHIPS DLG CHOC TN,153.3
4800552888875,PHL GALINCO CHIPS DLGT CCH NS,223.2
4800552888080,PHL GALINCO CHIPS DLGT CHOCHP,153.6
4809010742988,PHL GALINCO GRN L SAPIN-SAPIN,344.8
4800552169240,PHL GALINCO JELLY GULAMAN GRN,237
4800552169264,PHL GALINCO JELLY GULAMAN RED,237
4800552169073,PHL GALINCO SRP PIN CMX BBNGK,226.8
4800552169059,PHL GALINCO SRP PIN CMX KUTSN,126
4800552105347,PHL GALINCO SRP PIN GLMN ALMND,147.6
4800552105361,PHL GALINCO SRP PIN GLMN CSWT,147.6
4800552105453,PHL GALINCO SRP PIN GLMN MANGO,147.6
4800552105354,PHL GALINCO SRP PIN GLMN PNDN,147.6
4800552169141,PHL GALINCO SRP PIN MX ARZ CLD,126
4800552169127,PHL GALINCO SRP PIN MX CHMPRD,126
4800552169097,PHL GALINCO SRP PIN MX GNT BLO,238.8
4800552169066,PHL GALINCO SRP PIN PMX MBLN,195.6
4800552169110,PHL GALINCO SRP PIN PUTO,230.4
4809010109767,PHL LAURAS BSCT OTAP,302.4
4809010109330,PHL LAURAS EGG CRACKLETS,192
4808887010077,PHL PUREFOOD CORNED BEEF,348
4808887010015,PHL PUREFOOD CORNED BEEF,516
104010030313,PHL PUREFOOD CORNED BEEF SP,260.8
104010034717,PHL PUREFOOD CORNED BEEF SP,345.6
103080260712,PHL PUREFOOD FZ HOTD TJ CL SP,211.2
103080260910,PHL PUREFOOD FZ HOTD TJ CL SP,291
103080260811,PHL PUREFOOD FZ HOTD TJ JM SP,316.8
103080261016,PHL PUREFOOD FZ HOTD TJ JM SP,291
4808887303827,PHL PUREFOODS HOTD TJ CKN CLS,264
4808887303803,PHL PUREFOODS HOTD TJ CKN CLS,387
4808887303797,PHL PUREFOODS HOTD TJ CKN JMB,396
4808887303926,PHL PUREFOODS HOTD TJ CKN JMB,387
4809012292085,PHL SEA K BL MILKFISH BELLY,871.5
4809012292122,PHL SEA K BL MILKFISH MARHOT,681.25
4809012292047,PHL SEA K BL MILKFISH MARNTD,661.25
4809012292061,PHL SEA K BL MILKFISH SMOKED,605
4809012292023,PHL SEA K BL MILKFISH UNSZND,631.25
4804888708043,PHL TENTAY FISH SAUCE PATIS,151.8
4804888709309,PHL TENTAY FISHBALL SAUCE SPCY,330
4804888709286,PHL TENTAY FISHBALL SAUCE SWT,336
4804888712187,PHL TENTAY PATIS LABUYO,222
4804888708067,PHL TENTAY SOY SAUCE,94.2
4804888708098,PHL TENTAY SOY SAUCE CALAMANSY,124.2
4804888708111,PHL TENTAY VINEGAR,93
4804888712774,PHL TENTAY VINEGAR GARLIC,148.2
4804888708128,PHL TENTAY VINEGAR SPICED,161.4
4804888712958,PHL TENTAY VINEGAR TURMERIC,190.2
114010107311,PILLSBURY CHAKKI ATTA SPLPRICE,78
8410070840086,PINA SAFFRON GIFT PACK,3569.4
8410070830018,PINA SAFFRON GLS JAR,390
8410070840017,PINA SAFFRON GLS JAR,595
8410070890012,PINA SAFFRON GLS JAR,290
8410070890173,PINA SAFFRON GLS JAR,12.5
8410070360355,PINA SAFFRON PLSTC BOX,211
8410070370378,PINA SAFFRON PLSTC BOX,399
8410070380247,PINA SAFFRON PLSTC BOX,722
8997035600690,POCARI SWEAT ISOTONC DRINK PET,96
8997035600300,POCARI SWEAT ISOTONIC DRINK,120
8997035600133,POCARI SWEAT ISOTONIC DRINK,87.5
8997035600485,POCARI SWEAT PET CLUSTER,120
8801097250796,POCARI SWEAT POWDER DRINK SACH,590
8031301880079,POLENGHI LEMONDOR,162.75
8031301880284,POLENGHI SUCCO DI LIME,68.83
8031301884558,POLENGHI SUCCO DI LIME,107.1
8004691700371,POLENGHI SUCCO DI LIMONE,67.5
8031301880093,POLENGHI SUCCO LIMONE,99.75
8901389809296,PULSE CANDY  MIXED CANDIES JAR,283.88
8901389809371,PULSE CANDY KACHA AAM JAR,283.88
8901389809036,PULSE GUAVA,235.5
8901389809012,PULSE KACHA AAM,235.5
6291023160725,RV BAKING POWDER,73
6291023160732,RV BICARBONATE SODA,78
6291023108666,RV CORN FLOUR,47
6291023108697,RV ICING SUGAR,78
6291023162378,RV MANGO DRINK,151.2
6291023160671,RV MAYONNAISE,39
6291023160688,RV MAYONNAISE,34
6291023160695,RV MAYONNAISE,56
6291023160701,RV MAYONNAISE,58
6291023160206,RV MUSTARD OIL,84
6291023160190,RV MUSTARD OIL,84
6291023160466,RV OLIVE OIL,212
6291023162231,RV ORANGE DRINK,151.2
6291023162385,RV PINEAPPLE DRINK,151.2
6291023107065,RV RICE BASMATI PAKISTAN,107
6291023160107,RV ROSE WATER,15
6291023162026,RV TOMATO KETCHUP,56
6291023162071,RV TOMATO KETCHUP,44
6291023162392,RV TROPICAL DRINK,151.2
6291023108413,RV VINEGAR RED,27
6291023107287,RV VINEGAR RED,22
6291023160121,RV VINEGAR RED,27
6291023109618,RV VINEGAR WHITE,19
6291023108406,RV VINEGAR WHITE,25
6291023160138,RV VINEGAR WHITE,25
6291023161555,RV YELLOW MUSTARD SAUCE,96
6291023161562,RV YELLOW MUSTARD SAUCE,69
8901389850007,RAJNIGANDHA SILVER PEARLS,456
1080201168142,REAL VALUE OLIVE POMACE OIL,247
1080201169132,REAL VALUE OLIVE POMACE OIL,219
1080201170190,REAL VALUE OLIVE POMACE OIL,189
1080201172170,REAL VALUE OLIVE POMACE OIL,275
4792038109003,RENUKA COCONUT CREAM,142
4792038062209,RENUKA COCONUT DESICCATED,58
4792038062803,RENUKA COCONUT FLOUR,60.95
4792038107009,RENUKA COCONUT MILK 17% FAT,126
4792038104008,RENUKA COCONUT MILK 9% FAT,107
4792038461309,RENUKA COCONUT MILK POWDER,384
4792038461200,RENUKA COCONUT MILK POWDER,133
4792038462405,RENUKA COCONUT MILK POWDER,405
4792038462429,RENUKA COCONUT MILK POWDER ECO,321
4792038212741,RENUKA LK FISH CHIPS MALDIVE,588.8
4792038212130,RENUKA LK GORAKA,173.65
4792038213168,RENUKA LK RAW RICE WHITE,133.4
4792038212963,RENUKA LK RAW SAMBA RICE,150.65
4792038212987,RENUKA LK RAW SAMBA RICE,140.3
4792038212239,RENUKA LK TAMARIND,94.3
4792038213090,RENUKA LK WHITE RAW RICE,104.65
6291013100052,RRO MUSTARD OIL PET,217.35
6291013100069,RRO MUSTARD OIL PET,255.68
6291013100076,RRO MUSTARD OIL PET,234.47
8906002177080,RRO PREMIUM SESAME OIL,212
8906002177073,RRO PREMIUM SESAME OIL,236.25
8906002177066,RRO PREMIUM SESAME OIL,224.75
8906002178100,RRO PRIMIO REFINED GROUND OIL,226.01
105060063818,SALT,16
9300652804607,SANITARIUM SG ALMOND VANILA,138
9300652810318,SANITARIUM SG OAT UNSWT MILK,138
9300652803495,SANITARIUM SG UNSWT ALMD MILK,138
5900617015723,SANTE CRANRSPBRY BAR YGHT COT,61
5900617015938,SANTE CRUNCHY BAR BANANA-CHOC,61
5900617015976,SANTE CRUNCHY BAR PLUM IN YOGH,61
5900617015945,SANTE CRUNCHY NUT ALMOND,61
5900617015716,SANTE CRUNCHY NUT-ALMOND CHOCO,48
5900617002211,SANTE CRUNCHY WFRUIT,153
5900617002228,SANTE CRUNCHY WGRAIN OAT FLAK,153
5900617002617,SANTE CRUNCHY WITH BANANA,153
5900617002969,SANTE GRANOLA WCRAN RASP STRW,153
5900617002983,SANTE GRANOLA WITH CHOCOLATE,153
5900617002976,SANTE GRANOLA WITH NUTS,153
5900617011930,SANTE GRANOLA WITH POMEGRANATE,153
5900617002105,SANTE MUESLI FRUIT 350,153
5900617002266,SANTE MUESLI TRADITIONAL,153
5900617002099,SANTE MUESLI TROPICAL,153
8886012895054,SEAGULL SG-505 NAPHTHALEN BALL,31
8886012895108,SEAGULL SG-510 KAPUR BARUS PTY,34
8886012895115,SEAGULL SG-511 DEODORANT KAPUR,57.82
8886012895153,SEAGULL SG-515 NAPHTALENE,126.5
8886012826195,SEAGULL SG-518 TOILET COL BALL,73.66
8886012895214,SEAGULL SG-521 NAPHTHALENE BAL,85.02
8886012895221,SEAGULL SG-522 NAPHTHALENE BAL,54.05
8886012805220,SEAGULL SG-522W NAPHTHALENE,54.05
8886012895238,SEAGULL SG-523 DEODORANT&CASE,53.73
8886012895245,SEAGULL SG-524 DEODORANT REFIL,34.02
8886012895276,SEAGULL SG-527 DEODORANT COLUR,70.07
8886012895313,SEAGULL SG-531 TOILET BALL 5PC,72.78
8886012895337,SEAGULL SG-533 NAPHTHALENE BAL,58.5
8886012895351,SEAGULL SG-535 NAPTHALEN TBAL,66.7
8886012895368,SEAGULL SG-536 NAPTHALEN TBAL,57.2
6291023012970,SILVER SWAN FRAG RICE JASMINE,263
6291023012963,SILVER SWAN FRAG RICE JASMINE,263
6291023014646,SILVER SWAN FRAG RICE JASMINE,192
6291023014639,SILVER SWAN FRAG RICE JASMINE,192
105010242911,SILVER SWAN RICE @SPCL PRICE,220
8009470009522,SIMBA CAT FOOD CHNKIS TRKYKDY,126
8009470009072,SIMBA CAT FOOD CHUNKIE CHICKEN,126
8009470009546,SIMBA CAT FOOD CHUNKIE LAMB,126
8009470009539,SIMBA CAT FOOD CHUNKIE WLGAME,126
8009470009096,SIMBA CAT FOOD CHUNKIES TUNA,126
8009470009560,SIMBA CROQUETTES WITH BEEF,122
8009470009843,SIMBA CROQUETTES WITH BEEF,71.3
8009470009812,SIMBA CROQUETTES WITH CHICKEN,122
8009470009850,SIMBA CROQUETTES WITH CHICKEN,71.3
8009470009027,SIMBA DOG FOOD CHUNKS CHKN&TUR,102
8009470009010,SIMBA DOG FOOD CHUNKS WMEAT,102
8009470009171,SIMBA DOG FOOD CHUNKS WILD GAM,102
37600105064,SKIPPY PEANUT BTR NSPR CREAMY,165.6
37600231015,SKIPPY PEANUT BUTTER CHUNKY,165.6
48001270602,SKIPPY PEANUT BUTTER CREAMY,137.4
37600230933,SKIPPY PEANUT BUTTER CREAMY,165.6
37600105033,SKIPPY PEANUT BUTTER NATCREMY,165.6
37600256841,SKIPPY PEANUT BUTTER RED FAT,165.6
37600256773,SKIPPY PEANUT BUTTER RED FAT,165.6
37600110877,SKIPPY PEANUT BUTTER RSTD HONY,165.6
8964002527816,SOOPER BSCT FAMILY PACK PROMO,57.6
62810364,SUNCOLA NON CARBONATED,41.04
6281012033314,SUNCOLA NON CARBONATED,19.29
6281012022479,SUNCOLA NON CARBONATED,41.14
6281012044419,SUNCOLA NON CARBONATED,19.29
107030598627,SUNCOLA NON CARBONATED SP,18
6281012012395,SUNQUICK DRINK MANGO,158
6281012012746,SUNQUICK DRINK RED BERRIES,158
107030583623,SUNTOP JUICE ASRT SP,17.97
6281012044617,SUNTOP JUICE BERRY MIX,19.29
6281012044624,SUNTOP JUICE BERRY MIX,41.14
107030598825,SUNTOP JUICE BERRY MIX SP,18
6281012033147,SUNTOP JUICE MANGO,19.29
6281012033192,SUNTOP JUICE MANGO,41.04
6281012044426,SUNTOP JUICE MANGO,19.29
6281012022462,SUNTOP JUICE MANGO PK,41.14
107030599129,SUNTOP JUICE MANGO SP,18
6281012033253,SUNTOP JUICE MIXED FRUIT,19.29
6281012033208,SUNTOP JUICE MIXED FRUIT,41
107030598924,SUNTOP JUICE MIXED FRUIT SP,18
6281012033178,SUNTOP JUICE ORANGE,19.29
6281012033185,SUNTOP JUICE ORANGE,41
6281012044402,SUNTOP JUICE ORANGE,19.29
6281012022332,SUNTOP JUICE ORANGE,41.04
107030599020,SUNTOP JUICE ORANGE SP,18
6281012045911,SUNTOP JUICE PINEAPPLE,19.29
6281012045904,SUNTOP JUICE PINEAPPLE,41.14
107030598726,SUNTOP JUICE PINEAPPLE SP,18
6281012033666,SUNTOP JUICE UHT PINEAPPLE,19.29
6281012033673,SUNTOP JUICE UHT PINEAPPLE,41.04
6281012033284,SUNTOP MIXED FRUIT JUICE,19.29
6281012033277,SUNTOP MIXED FRUIT JUICE,41
6281012033352,SUNTOP REDBERRY JUICES,19.29
6281012033345,SUNTOP REDBERRY JUICES,41.04
9501054101831,TEEB AF ABEERA,645.12
9501054101824,TEEB AF LOBAN OMANI,645.12
3090900061154,TEEB AIRFRESHNER ASSTFLAVOR,14.5
9501054101053,TEEB AIRFRESHNER BAKHOUR AMEER,75.6
9501054101022,TEEB AIRFRESHNER JASMINE FRESH,75.6
9501054101077,TEEB AIRFRESHNER LAVENDER,75.6
9501054101084,TEEB AIRFRESHNER LEMON FRESH,75.6
9501054101015,TEEB AIRFRESHNER ROSE FRESH,75.6
9501054101497,TEEB AIRFRESHNER ROYAL,75.6
9501054101442,TEEB AIRFRESHNER SABAH,75.6
9501054101046,TEEB AIRFRESHNER SANDAL FRESH,75.6
9501054101480,TEEB AIRFRESHNER SHAHEED,75.6
9501054101060,TEEB AIRFRESHNER UDD FRESH,75.6
9501054219444,TEEB DISHWASH LIQUID LEMON,63.6
9501054101176,TEEB EAU DE COLOGNE BALEEL UDD,279.6
9501054101220,TEEB EAU DE COLOGNE BALEEL UDD,267.6
9501054101152,TEEB EAU DE COLOGNE JASMINE,279.6
9501054101169,TEEB EAU DE COLOGNE LEMON,279.6
9501054101213,TEEB EAU DE COLOGNE LEMON,267.6
9501054101183,TEEB EAU DE COLOGNE MUSK,279.6
9501054101237,TEEB EAU DE COLOGNE MUSK,267.6
9501054101145,TEEB EAU DE COLOGNE ROSE FRESH,279.6
9501054101190,TEEB EAU DE COLOGNE ROSE FRESH,267.6
8901389860006,TULSI DATES ROYAL KHAJOOR,655.2
5060402908453,TWIX COOKIES SOFT BISCUIT,82
5060402901928,TWIX SPREAD CHOCOLATE,72
107120031713,UFC COCONUT WATER 1L SP,105.6
8850025001023,UFC REFRESH 100% COCONUT WATER,73
8850025000026,UFC REFRESH 100% COCONUT WATER,132
8851028003571,V-SOY GOLDEN GRAIN SOYA MILK,223
8851028001690,V-SOY MULTI GRAIN SOYA MILK,148
8851028001812,V-SOY MULTI GRAIN SOYA MILK,218.5
8851028002192,V-SOY MULTI GRAIN SOYA MILK,181.5
8851028000310,V-SOY ORIGINAL SOYA MILK,135.5
8851028000303,V-SOY ORIGINAL SOYA MILK,166.75
8851028002505,VITAMILK DOUBLE CHOCO SOYAMILK,135.7
8851028001850,VITAMILK SOY MILK DCHOC SHAKE,193.2
8851028140061,VITAMILK SOYAMILK BTL,135.7
8851028000228,VITAMILK SOYAMILK UHT,175.95
9556049000026,VOCHELLE BLOCK ALMOND,52
9556049000064,VOCHELLE BLOCK ALMOND,55
9556049000101,VOCHELLE BLOCK ALMOND,101
9556049000040,VOCHELLE BLOCK DAIRY MILK,49
9556049000088,VOCHELLE BLOCK DAIRY MILK,55
9556049000125,VOCHELLE BLOCK DAIRY MILK,105
9556049000019,VOCHELLE BLOCK FRUIT&NUTS,52
9556049000057,VOCHELLE BLOCK FRUIT&NUTS,55
9556049000095,VOCHELLE BLOCK FRUIT&NUTS,101
9556049000033,VOCHELLE BLOCK HAZELNUT,53
9556049000071,VOCHELLE BLOCK HAZELNUT,54
9556049000118,VOCHELLE BLOCK HAZELNUT,101
102020016747,VOCHELLE BLOCK MULTI ALMOND,19
102020016945,VOCHELLE BLOCK MULTI DAIRYMILK,19
102020017058,VOCHELLE BLOCK MULTI FRUIT&NUT,19
102020017157,VOCHELLE BLOCK MULTI HAZELNUT,19
9556049150691,VOCHELLE DARK CHOC ALMOND,59
9556049150721,VOCHELLE DARK CHOC ALMOND,59
9556049150707,VOCHELLE DARK CHOC F&NUTS,55
9556049150738,VOCHELLE DARK CHOC F&NUTS,59
9556049150714,VOCHELLE DARK CHOC PLAIN (DM),59
9556049150745,VOCHELLE DARK CHOC PLAIN (DM),59
9556049003157,VOCHELLE DOYPACK ALMOND,314
6291023016435,VOCHELLE DOYPACK CHOCOLATE,208
9556049003164,VOCHELLE DOYPACK FRUIT & NUT,314
9556049003140,VOCHELLE DOYPACK HAZELNUT,314
9556049150653,VOCHELLE GIFT ASST BURJ AL ARA,31
102020574216,VOCHELLE GIFT COVERD ASST SPL,21.6
9556049003232,VOCHELLE GIFT COVERD FRUIT&NUT,42
9556049003133,VOCHELLE GIFT COVERD FRUIT&NUT,27
9556049003225,VOCHELLE GIFT COVERED ALMOND,42
9556049003126,VOCHELLE GIFT COVERED ALMOND,27
9556049002815,VOCHELLE GIFT COVERED ALMOND,24
9556049002792,VOCHELLE GIFT COVERED FRTNUTS,24
9556049003218,VOCHELLE GIFT COVERED HAZELNUT,42
9556049003119,VOCHELLE GIFT COVERED HAZELNUT,27
9556049002808,VOCHELLE GIFT COVERED HAZELNUT,24
9556049152282,VOCHELLE GIFT PALM ISLND ALMND,31
9556049155443,VOCHELLE SHEIKH ZAYED ROAD,31
14113230117,WONDERFUL ALMONDS LIGHTLY SALT,151
14113230131,WONDERFUL ALMONDS RAW NATURAL,151
14113230155,WONDERFUL ALMONDS RAW NATURAL,265
14113913898,WONDERFUL PISTA LIGHTLY SALTED,151
14113911689,WONDERFUL PISTA ROAST & SALTED,1084
14113913614,WONDERFUL PISTA ROAST & SALTED,265
14113913584,WONDERFUL PISTA ROAST & SALTED,176
14113912853,WONDERFUL PISTA ROAST & SALTED,151
14113910620,WONDERFUL PISTA ROAST NO SALT,176
105100484917,WONDERFUL PISTA SP ASSRT,132
14113913621,WONDERFUL PISTA SALT & PEPPER,265
14113913591,WONDERFUL PISTA SALT & PEPPER,176
14113912860,WONDERFUL PISTA SALT & PEPPER,151
14113913607,WONDERFUL PISTA SWEET CHILLI,176
6291023140857,ZARA LEMON SEASONING,54